,carbon_cost,emissions,emissions_cost,electricity_cost,alignment_fraction
0,0.0,0.18046152272486574,0.0,458.6232000000001,0.0
1,0.05,0.1529401738847175,7647.008694235876,458.6231999999999,0.3735365717835878
2,0.1,0.15294017388471765,15294.017388471766,458.6232000000001,0.3735365717835859
3,0.15000000000000002,0.15294017388471756,22941.026082707638,458.62320000000017,0.373536571783587
4,0.2,0.15294017388471762,30588.034776943525,458.6231999999999,0.37353657178358624
5,0.25,0.15294017388472303,38235.04347118076,458.6232000846493,0.3735365717835126
6,0.3,0.10678373340229026,32035.12002068708,471.16559999999953,1.0000000000000009
