,carbon_cost,emissions,electricity_cost,alignment_fraction
0,0,8.609068873373582,933.6272575760497,0.0
1,0,8.609068873373582,933.6272575760497,5.826117366325434e-12
2,0,8.179974371518837,934.2024660397567,0.25000000000436984
3,0,7.750879869664093,934.7776745034636,0.500000000002913
4,0,6.892690865954828,935.9280914308771,0.9999999999998685
5,0,6.892690865954604,935.9280914308774,0.9999999999999989
