,carbon_cost,emissions,electricity_cost,alignment_fraction
0,0.0,0.008609068873373583,0.9336272575760497,0.0
1,0.01,0.006892690865954602,0.9359280914308774,1.0
